web_scraper_order,web_scraper_start_url,pagination,data,image
"1781747862-1","https://shop4b942d841w388.1688.com/page/offerlist.htm?spm=a2615.2177701.wp_pc_common_topnav.0","","微型热气溶胶灭火装置 配电柜电表箱自动灭火贴 引线感温自启动气","https://cbu01.alicdn.com/img/ibank/O1CN016zigmP1WFDUid8uPo_!!3896042758-0-cib.310x310.jpg"
"1781747862-2","https://shop4b942d841w388.1688.com/page/offerlist.htm?spm=a2615.2177701.wp_pc_common_topnav.0","","数显自复式过欠压保护器 可调过流漏电保护器 家用导轨式电压电流","https://cbu01.alicdn.com/img/ibank/O1CN011DO28v1WFDUiLrI7E_!!3896042758-0-cib.310x310.jpg"
"1781747862-3","https://shop4b942d841w388.1688.com/page/offerlist.htm?spm=a2615.2177701.wp_pc_common_topnav.0","","厂家直销BP32系列隔离开关100A 250A 400A 630A 阻燃负极隔离开关","https://cbu01.alicdn.com/img/ibank/O1CN01rWMGdW1WFDTlq5Hru_!!3896042758-0-cib.310x310.jpg"
"1781747862-4","https://shop4b942d841w388.1688.com/page/offerlist.htm?spm=a2615.2177701.wp_pc_common_topnav.0","","源头工厂 模块化转换开关4P 63A手动转换SF219G 隔离手动转换开关","https://cbu01.alicdn.com/img/ibank/O1CN01XhR8x41WFDTlRXuYL_!!3896042758-0-cib.310x310.jpg"
"1781747862-5","https://shop4b942d841w388.1688.com/page/offerlist.htm?spm=a2615.2177701.wp_pc_common_topnav.0","","厂家隔离手动转换开关1P 2P 3P 4P手动转换 SF219G模块化转换开关","https://cbu01.alicdn.com/img/ibank/O1CN01dti9261WFDTlQo5Cq_!!3896042758-0-cib.310x310.jpg"
"1781747862-6","https://shop4b942d841w388.1688.com/page/offerlist.htm?spm=a2615.2177701.wp_pc_common_topnav.0","","厂家隔离手动转换开关 模块化转换开关2P 63A手动转换开关 SF219G","https://cbu01.alicdn.com/img/ibank/O1CN01ngljdj1WFDTm0p8Nh_!!3896042758-0-cib.310x310.jpg"
"1781747862-7","https://shop4b942d841w388.1688.com/page/offerlist.htm?spm=a2615.2177701.wp_pc_common_topnav.0","","厂家VAP2P双显自复式过欠压保护装置过压欠压保护器40A63A220伏电","https://cbu01.alicdn.com/img/ibank/O1CN01mUIOsm1WFDTglEhxd_!!3896042758-0-cib.310x310.jpg"
"1781747862-8","https://shop4b942d841w388.1688.com/page/offerlist.htm?spm=a2615.2177701.wp_pc_common_topnav.0","","厂家S270型绝缘线夹加厚导件阻燃耐张线夹架空电缆固定用电力金具","https://cbu01.alicdn.com/img/ibank/O1CN01ibVtRi1WFDUJgQ40K_!!3896042758-0-cib.310x310.jpg"
"1781747862-9","https://shop4b942d841w388.1688.com/page/offerlist.htm?spm=a2615.2177701.wp_pc_common_topnav.0","","厂家直销绝缘悬垂线夹 阻燃耐高温电缆悬挂线夹 架空线路电力金具","https://cbu01.alicdn.com/img/ibank/O1CN01cBBF2n1WFDUIdeOKK_!!3896042758-0-cib.310x310.jpg"
"1781747862-10","https://shop4b942d841w388.1688.com/page/offerlist.htm?spm=a2615.2177701.wp_pc_common_topnav.0","","绝缘线夹户外防水免剥线电缆接线端子用线夹路灯配电专用分线穿刺","https://cbu01.alicdn.com/img/ibank/O1CN01Iwzg5s1WFDUIF24zv_!!3896042758-0-cib.310x310.jpg"
"1781747862-11","https://shop4b942d841w388.1688.com/page/offerlist.htm?spm=a2615.2177701.wp_pc_common_topnav.0","","厂家PC1绝缘穿刺线夹电缆免破线分支器 架空绝缘线连接器电力金具","https://cbu01.alicdn.com/img/ibank/O1CN01iIWe7B1WFDUI4aJBL_!!3896042758-0-cib.310x310.jpg"
"1781747862-12","https://shop4b942d841w388.1688.com/page/offerlist.htm?spm=a2615.2177701.wp_pc_common_topnav.0","","PA-1500耐张线夹铝合金架空电缆线夹自锁式绝缘 电力线路固定金具","https://cbu01.alicdn.com/img/ibank/O1CN01A3A5xQ1WFDUI7lgrh_!!3896042758-0-cib.310x310.jpg"
"1781747862-13","https://shop4b942d841w388.1688.com/page/offerlist.htm?spm=a2615.2177701.wp_pc_common_topnav.0","","厂家直销TT2D82F绝缘线夹 免剥皮电缆分支器穿刺线夹阻燃绝缘电力","https://cbu01.alicdn.com/img/ibank/O1CN01vb2acc1WFDUJHSAwx_!!3896042758-0-cib.310x310.jpg"
"1781747862-14","https://shop4b942d841w388.1688.com/page/offerlist.htm?spm=a2615.2177701.wp_pc_common_topnav.0","","厂家直销PS40绝缘线夹悬垂线夹阻燃隔离悬挂线夹电力金具光缆悬垂","https://cbu01.alicdn.com/img/ibank/O1CN01cTXlPZ1WFDUJG6Bup_!!3896042758-0-cib.310x310.jpg"
"1781747862-15","https://shop4b942d841w388.1688.com/page/offerlist.htm?spm=a2615.2177701.wp_pc_common_topnav.0","","厂家直供JNC2-95TL绝缘穿刺线夹电缆分支连接器 阻燃绝缘电力线夹","https://cbu01.alicdn.com/img/ibank/O1CN01Mrne131WFDUDH1GHP_!!3896042758-0-cib.310x310.jpg"
"1781747862-16","https://shop4b942d841w388.1688.com/page/offerlist.htm?spm=a2615.2177701.wp_pc_common_topnav.0","","厂家PA系列拉力线夹 集束绝缘耐张线夹 架空电缆拉力线夹电力金具","https://cbu01.alicdn.com/img/ibank/O1CN01EkvU9v1WFDUI1rZdv_!!3896042758-0-cib.310x310.jpg"
"1781747862-17","https://shop4b942d841w388.1688.com/page/offerlist.htm?spm=a2615.2177701.wp_pc_common_topnav.0","","厂家拉力线夹PA1集束线夹绝缘线夹耐张线夹 绝缘拉力线夹耐张线夹","https://cbu01.alicdn.com/img/ibank/O1CN012LmlO61WFDUIED3L3_!!3896042758-0-cib.310x310.jpg"
"1781747862-18","https://shop4b942d841w388.1688.com/page/offerlist.htm?spm=a2615.2177701.wp_pc_common_topnav.0","","厂家直销绝缘耐张线夹绝缘楔形夹具 AC-O-05电缆固定耐张线夹自锁","https://cbu01.alicdn.com/img/ibank/O1CN01bLxmGh1WFDUHubnkQ_!!3896042758-0-cib.310x310.jpg"
"1781747862-19","https://shop4b942d841w388.1688.com/page/offerlist.htm?spm=a2615.2177701.wp_pc_common_topnav.0","","PAL铝合金耐张线夹 光缆绝缘楔形锚固线夹电力金具光缆用耐张线夹","https://cbu01.alicdn.com/img/ibank/O1CN01QyiQu71WFDUI6ACEk_!!3896042758-0-cib.310x310.jpg"
"1781747862-20","https://shop4b942d841w388.1688.com/page/offerlist.htm?spm=a2615.2177701.wp_pc_common_topnav.0","","厂家直销S170绝缘线夹阻燃隔离耐张线夹电力金具架空电缆固定线夹","https://cbu01.alicdn.com/img/ibank/O1CN01QFFXjj1WFDUIuXydv_!!3896042758-0-cib.310x310.jpg"
"1781747862-21","https://shop4b942d841w388.1688.com/page/offerlist.htm?spm=a2615.2177701.wp_pc_common_topnav.0","","源头厂家绝缘穿刺线夹电缆免破线分支器架空绝缘线连接器电力金具","https://cbu01.alicdn.com/img/ibank/O1CN01KeLZww1WFDUDChf8p_!!3896042758-0-cib.310x310.jpg"
"1781747862-22","https://shop4b942d841w388.1688.com/page/offerlist.htm?spm=a2615.2177701.wp_pc_common_topnav.0","","厂家直销契型拉力耐张线夹 PAL1500型四芯集束式线夹导铝耐张拉力","https://cbu01.alicdn.com/img/ibank/O1CN01yUAIFn1WFDUHmVvQs_!!3896042758-0-cib.310x310.jpg"
"1781747862-23","https://shop4b942d841w388.1688.com/page/offerlist.htm?spm=a2615.2177701.wp_pc_common_topnav.0","","厂家直销PT258绝缘耐张线夹铝合金电力线夹 阻燃绝缘电缆固定线夹","https://cbu01.alicdn.com/img/ibank/O1CN01nkUg8d1WFDUJK9vSI_!!3896042758-0-cib.310x310.jpg"
"1781747862-24","https://shop4b942d841w388.1688.com/page/offerlist.htm?spm=a2615.2177701.wp_pc_common_topnav.0","","厂家双导线绝缘穿刺线夹电缆免破线分支器架空绝缘线连接器电力金","https://cbu01.alicdn.com/img/ibank/O1CN018mVrh11WFDUIM7jsD_!!3896042758-0-cib.310x310.jpg"
"1781747862-25","https://shop4b942d841w388.1688.com/page/offerlist.htm?spm=a2615.2177701.wp_pc_common_topnav.0","","厂家PAT120绝缘线夹 出口型集束耐张线夹 拉力固定线夹电缆接线端","https://cbu01.alicdn.com/img/ibank/O1CN01z4BpCG1WFDUHvM0Wz_!!3896042758-0-cib.310x310.jpg"
"1781747862-26","https://shop4b942d841w388.1688.com/page/offerlist.htm?spm=a2615.2177701.wp_pc_common_topnav.0","","厂家18F绝缘穿刺线夹 电缆分支器 十字穿刺线夹 阻燃绝缘电力金具","https://cbu01.alicdn.com/img/ibank/O1CN01mSz7Um1WFDUHdDwEL_!!3896042758-0-cib.310x310.jpg"
"1781747862-27","https://shop4b942d841w388.1688.com/page/offerlist.htm?spm=a2615.2177701.wp_pc_common_topnav.0","","源头厂家绝缘穿刺线夹电缆免破线分支器电力金具架空绝缘线连接器","https://cbu01.alicdn.com/img/ibank/O1CN01OgTvXT1WFDUIDwCig_!!3896042758-0-cib.310x310.jpg"
"1781747862-28","https://shop4b942d841w388.1688.com/page/offerlist.htm?spm=a2615.2177701.wp_pc_common_topnav.0","","厂家直销MJPT系列铝连接管电缆对接管 架空线绝缘接续管 电力金具","https://cbu01.alicdn.com/img/ibank/O1CN01qljT891WFDUHqhZdJ_!!3896042758-0-cib.310x310.jpg"
"1781747862-29","https://shop4b942d841w388.1688.com/page/offerlist.htm?spm=a2615.2177701.wp_pc_common_topnav.0","","厂家直销BP32系列白色隔离开关100A250A400A630A负极隔离开关配件","https://cbu01.alicdn.com/img/ibank/O1CN01X21vsy1WFDTl5jkuP_!!3896042758-0-cib.310x310.jpg"
"1781747862-30","https://shop4b942d841w388.1688.com/page/offerlist.htm?spm=a2615.2177701.wp_pc_common_topnav.0","","厂家PNC熔断式隔离开关250A刀开关 纯铜配件阻燃防误触式隔离开关","https://cbu01.alicdn.com/img/ibank/O1CN014M8Una1WFDTlbTxBa_!!3896042758-0-cib.310x310.jpg"
