web_scraper_order,web_scraper_start_url,data2,image
"1781747950-1","https://shop4b942d841w388.1688.com/page/offerlist.htm?spm=a2615.2177701.wp_pc_common_topnav.0","Open type pnc fuse isolating switch 250a anti-accidental touch isolating switch flame retardant knife switch full specifications","https://cbu01.alicdn.com/img/ibank/O1CN01E3IQ2Y1WFDTlzQyyD_!!3896042758-0-cib.310x310.jpg"
"1781747950-2","https://shop4b942d841w388.1688.com/page/offerlist.htm?spm=a2615.2177701.wp_pc_common_topnav.0","Factory direct sales bp32 series flame retardant isolating switch 100a/250a/400a/630a negative pole isolating switch","https://cbu01.alicdn.com/img/ibank/O1CN01OAfGNI1WFDTlOqD99_!!3896042758-0-cib.310x310.jpg"
"1781747950-3","https://shop4b942d841w388.1688.com/page/offerlist.htm?spm=a2615.2177701.wp_pc_common_topnav.0","Bp32 isolating switch 100a 250a 400a 630a negative pole isolating switch fuse-type knife switch accessories","https://cbu01.alicdn.com/img/ibank/O1CN01DCQv5J1WFDTlDk5Oj_!!3896042758-0-cib.310x310.jpg"
"1781747950-4","https://shop4b942d841w388.1688.com/page/offerlist.htm?spm=a2615.2177701.wp_pc_common_topnav.0","Bp32 series 100a250a400a630a negative pole isolating switch inner handle operated plastic shell knife switch","https://cbu01.alicdn.com/img/ibank/O1CN01TBY3Dk1WFDTlDKi1M_!!3896042758-0-cib.310x310.jpg"
"1781747950-5","https://shop4b942d841w388.1688.com/page/offerlist.htm?spm=a2615.2177701.wp_pc_common_topnav.0","Manufacturer pnc fuse isolating switch 250a knife switch anti-accidental touch flame retardant isolating switch knife switch","https://cbu01.alicdn.com/img/ibank/O1CN01e563WX1WFDTlbdcTJ_!!3896042758-0-cib.310x310.jpg"
"1781747950-6","https://shop4b942d841w388.1688.com/page/offerlist.htm?spm=a2615.2177701.wp_pc_common_topnav.0","Factory direct supply pnc fuse isolator switch 250a anti-accidental touch isolator switch knife switch complete grids","https://cbu01.alicdn.com/img/ibank/O1CN01mp7NJ11WFDUs6L7DH_!!3896042758-0-cib.310x310.jpg"
"1781747950-7","https://shop4b942d841w388.1688.com/page/offerlist.htm?spm=a2615.2177701.wp_pc_common_topnav.0","Factory direct sales pnc fuse disconnect switch 250a anti-accidental touch disconnect switch complete range of knife switch models","https://cbu01.alicdn.com/img/ibank/O1CN01Xm30kQ1WFDTlPAymc_!!3896042758-0-cib.310x310.jpg"
"1781747950-8","https://shop4b942d841w388.1688.com/page/offerlist.htm?spm=a2615.2177701.wp_pc_common_topnav.0","Manufacturer's fuse disconnect switch pnc series disconnect switch 250a knife switch anti-accidental touch disconnect switch","https://cbu01.alicdn.com/img/ibank/O1CN01vCdK0A1WFDTmyT3P2_!!3896042758-0-cib.310x310.jpg"
"1781747950-9","https://shop4b942d841w388.1688.com/page/offerlist.htm?spm=a2615.2177701.wp_pc_common_topnav.0","Factory direct sales fuse disconnect switch pnc 250a anti-accidental touch disconnect switch knife switch complete grids","https://cbu01.alicdn.com/img/ibank/O1CN01hE7JNM1WFDTlb7jXH_!!3896042758-0-cib.310x310.jpg"
"1781747950-10","https://shop4b942d841w388.1688.com/page/offerlist.htm?spm=a2615.2177701.wp_pc_common_topnav.0","Manufacturer bp32 series 100a250a400a630a negative pole isolating switch fuse type knife fuse switch accessories","https://cbu01.alicdn.com/img/ibank/O1CN01quGJHv1WFDTm38I8l_!!3896042758-0-cib.310x310.jpg"
"1781747950-11","https://shop4b942d841w388.1688.com/page/offerlist.htm?spm=a2615.2177701.wp_pc_common_topnav.0","Factory direct bp32 series isolating switch 100a 250a 400a 630a flame retardant negative pole isolating switch","https://cbu01.alicdn.com/img/ibank/O1CN01PdvhM01WFDTgiKecC_!!3896042758-0-cib.310x310.jpg"
"1781747950-12","https://shop4b942d841w388.1688.com/page/offerlist.htm?spm=a2615.2177701.wp_pc_common_topnav.0","Bp32 series 100a250a400a630a negative pole isolating switch arc extinguishing cover fuse accessories isolating switch","https://cbu01.alicdn.com/img/ibank/O1CN01peOiFa1WFDTm4tQVN_!!3896042758-0-cib.310x310.jpg"
"1781747950-13","https://shop4b942d841w388.1688.com/page/offerlist.htm?spm=a2615.2177701.wp_pc_common_topnav.0","Source manufacturer bp32 series isolating switch 100a 250a 400a630a negative pole isolating switch arc extinguishing cover","https://cbu01.alicdn.com/img/ibank/O1CN01tisipf1WFDTlYmoOW_!!3896042758-0-cib.310x310.jpg"
"1781747950-14","https://shop4b942d841w388.1688.com/page/offerlist.htm?spm=a2615.2177701.wp_pc_common_topnav.0","Anti-accidental touch isolating switch pnc fuse isolating switch 250a knife switch accessories flame retardant isolating switch","https://cbu01.alicdn.com/img/ibank/O1CN01fYROl81WFDOV5prRB_!!3896042758-0-cib.310x310.jpg"
"1781747950-15","https://shop4b942d841w388.1688.com/page/offerlist.htm?spm=a2615.2177701.wp_pc_common_topnav.0","Factory direct sales anti-accidental touch knife switch isolating switch pn630a series knife switch gauge grids full isolating switch","https://cbu01.alicdn.com/img/ibank/O1CN01gB7Ime1WFDOUYicV3_!!3896042758-0-cib.310x310.jpg"
"1781747950-16","https://shop4b942d841w388.1688.com/page/offerlist.htm?spm=a2615.2177701.wp_pc_common_topnav.0","Factory direct sales anti-accidental touch isolating switch pnc fuse isolating switch 400a knife switch accessories switch","https://cbu01.alicdn.com/img/ibank/O1CN01VdJTNT1WFDTlm0MuU_!!3896042758-0-cib.310x310.jpg"
"1781747950-17","https://shop4b942d841w388.1688.com/page/offerlist.htm?spm=a2615.2177701.wp_pc_common_topnav.0","Factory direct sales of vietnamese nt50 miniature circuit breaker, 30a, export-grade, white, large handle, with indicator light and fuse","https://cbu01.alicdn.com/img/ibank/O1CN01W9eO0G1WFDTlicW1z_!!3896042758-0-cib.310x310.jpg"
"1781747950-18","https://shop4b942d841w388.1688.com/page/offerlist.htm?spm=a2615.2177701.wp_pc_common_topnav.0","Factory direct vietnam-style nt50 miniature circuit breaker (mcb) 30a, export-grade black handle with indicator light, fuse","https://cbu01.alicdn.com/img/ibank/O1CN012wLLFW1WFDTlaiylB_!!3896042758-0-cib.310x310.jpg"
"1781747950-19","https://shop4b942d841w388.1688.com/page/offerlist.htm?spm=a2615.2177701.wp_pc_common_topnav.0","Factory direct sales of vietnamese nt50 miniature circuit breaker, 30a, export-grade, white, small handle, with indicator light, fuse","https://cbu01.alicdn.com/img/ibank/O1CN01LWTS561WFDTl7Aybn_!!3896042758-0-cib.310x310.jpg"
"1781747950-20","https://shop4b942d841w388.1688.com/page/offerlist.htm?spm=a2615.2177701.wp_pc_common_topnav.0","Source manufacturer isolation manual transfer switch 1p modular transfer switch 63a manual transfer sf219g","https://cbu01.alicdn.com/img/ibank/O1CN01xJRr2e1WFDTm08yKi_!!3896042758-0-cib.310x310.jpg"
"1781747950-21","https://shop4b942d841w388.1688.com/page/offerlist.htm?spm=a2615.2177701.wp_pc_common_topnav.0","Factory direct sales bp32 series isolating switch 100a250a400a630a negative pole isolating switch 35b7250a","https://cbu01.alicdn.com/img/ibank/O1CN01Xtz31k1WFDTlFnRT7_!!3896042758-0-cib.310x310.jpg"
"1781747950-22","https://shop4b942d841w388.1688.com/page/offerlist.htm?spm=a2615.2177701.wp_pc_common_topnav.0","Factory direct supply bp32 series isolating switch 100a250a400a630a negative pole isolating switch 35b3250a","https://cbu01.alicdn.com/img/ibank/O1CN016e9qlz1WFDTlmJhhQ_!!3896042758-0-cib.310x310.jpg"
"1781747950-23","https://shop4b942d841w388.1688.com/page/offerlist.htm?spm=a2615.2177701.wp_pc_common_topnav.0","Bp32 series 100a250a400a630a negative pole isolating switch 31b3100a single throw double throw isolating switch","https://cbu01.alicdn.com/img/ibank/O1CN015exnBn1WFDTlt6Jx3_!!3896042758-0-cib.310x310.jpg"
"1781747950-24","https://shop4b942d841w388.1688.com/page/offerlist.htm?spm=a2615.2177701.wp_pc_common_topnav.0","Source manufacturer bp32 series 100a250a400a630a negative isolating switch 31b7100a isolating switch","https://cbu01.alicdn.com/img/ibank/O1CN01Mx8BnY1WFDTm5vUvn_!!3896042758-0-cib.310x310.jpg"
"1781747950-25","https://shop4b942d841w388.1688.com/page/offerlist.htm?spm=a2615.2177701.wp_pc_common_topnav.0","Source manufacturer jjc2 insulated piercing wire clamp 1kv branch wire free wire terminal block jbc2 wire clamp","https://cbu01.alicdn.com/img/ibank/O1CN0133wzwD1WFDTlH43Us_!!3896042758-0-cib.310x310.jpg"
"1781747950-26","https://shop4b942d841w388.1688.com/page/offerlist.htm?spm=a2615.2177701.wp_pc_common_topnav.0","Factory direct sales jbc1 insulated piercing clamp jbc1 cable branch terminal block insulated piercing clamp 1kv","https://cbu01.alicdn.com/img/ibank/O1CN01pYcDWw1WFDTl87NpD_!!3896042758-0-cib.310x310.jpg"
"1781747950-27","https://shop4b942d841w388.1688.com/page/offerlist.htm?spm=a2615.2177701.wp_pc_common_topnav.0","Factory direct sales pc3 wire clamp t-shaped wire-free cable brancher guide wire clamp pc3 insulated puncture wire clamp 1kv","https://cbu01.alicdn.com/img/ibank/O1CN01YlKS5u1WFDTl8DpM2_!!3896042758-0-cib.310x310.jpg"
"1781747950-28","https://shop4b942d841w388.1688.com/page/offerlist.htm?spm=a2615.2177701.wp_pc_common_topnav.0","Source manufacturer pc2 insulated wire piercing clamp 1kv outdoor wire-free splitter cable brancher piercing clamp","https://cbu01.alicdn.com/img/ibank/O1CN01GTFEz61WFDTlmkUbN_!!3896042758-0-cib.310x310.jpg"
"1781747950-29","https://shop4b942d841w388.1688.com/page/offerlist.htm?spm=a2615.2177701.wp_pc_common_topnav.0","Pc1 insulated wire piercing connector 1kv, no-strip cable terminal, low-voltage branch connector","https://cbu01.alicdn.com/img/ibank/O1CN01ouvQv71WFDTm7R7wW_!!3896042758-0-cib.310x310.jpg"
